"","date","HCP_TYPE","APPT_MODE","appts","tot","appts_pcn","tot_pcn","apps_all","tot_all","final_percentage"
"1",2018-01-01,"GP","Face-to-Face",9637304,12282833,0,0,9637304,12282833,78.46
"2",2018-01-01,"GP","Home Visit",112267,12282833,0,0,112267,12282833,0.91
"3",2018-01-01,"GP","Telephone",2190762,12282833,0,0,2190762,12282833,17.84
"4",2018-01-01,"GP","Unknown",270617,12282833,0,0,270617,12282833,2.2
"5",2018-01-01,"GP","Video/Online",71883,12282833,0,0,71883,12282833,0.59
"6",2018-02-01,"GP","Face-to-Face",9487969,12123042,0,0,9487969,12123042,78.26
"7",2018-02-01,"GP","Home Visit",92047,12123042,0,0,92047,12123042,0.76
"8",2018-02-01,"GP","Telephone",2175960,12123042,0,0,2175960,12123042,17.95
"9",2018-02-01,"GP","Unknown",281208,12123042,0,0,281208,12123042,2.32
"10",2018-02-01,"GP","Video/Online",85858,12123042,0,0,85858,12123042,0.71
"11",2018-03-01,"GP","Face-to-Face",8956596,11502268,0,0,8956596,11502268,77.87
"12",2018-03-01,"GP","Home Visit",95238,11502268,0,0,95238,11502268,0.83
"13",2018-03-01,"GP","Telephone",2077544,11502268,0,0,2077544,11502268,18.06
"14",2018-03-01,"GP","Unknown",306625,11502268,0,0,306625,11502268,2.67
"15",2018-03-01,"GP","Video/Online",66265,11502268,0,0,66265,11502268,0.58
"16",2018-04-01,"GP","Face-to-Face",9522133,12221579,0,0,9522133,12221579,77.91
"17",2018-04-01,"GP","Home Visit",87017,12221579,0,0,87017,12221579,0.71
"18",2018-04-01,"GP","Telephone",2217117,12221579,0,0,2217117,12221579,18.14
"19",2018-04-01,"GP","Unknown",306131,12221579,0,0,306131,12221579,2.5
"20",2018-04-01,"GP","Video/Online",89181,12221579,0,0,89181,12221579,0.73
"21",2018-05-01,"GP","Face-to-Face",10001586,12803710,0,0,10001586,12803710,78.11
"22",2018-05-01,"GP","Home Visit",89341,12803710,0,0,89341,12803710,0.7
"23",2018-05-01,"GP","Telephone",2307040,12803710,0,0,2307040,12803710,18.02
"24",2018-05-01,"GP","Unknown",311989,12803710,0,0,311989,12803710,2.44
"25",2018-05-01,"GP","Video/Online",93754,12803710,0,0,93754,12803710,0.73
"26",2018-06-01,"GP","Face-to-Face",9629893,12339448,0,0,9629893,12339448,78.04
"27",2018-06-01,"GP","Home Visit",84050,12339448,0,0,84050,12339448,0.68
"28",2018-06-01,"GP","Telephone",2231146,12339448,0,0,2231146,12339448,18.08
"29",2018-06-01,"GP","Unknown",304102,12339448,0,0,304102,12339448,2.46
"30",2018-06-01,"GP","Video/Online",90257,12339448,0,0,90257,12339448,0.73
"31",2018-07-01,"GP","Face-to-Face",9698688,12446820,0,0,9698688,12446820,77.92
"32",2018-07-01,"GP","Home Visit",89818,12446820,0,0,89818,12446820,0.72
"33",2018-07-01,"GP","Telephone",2283703,12446820,0,0,2283703,12446820,18.35
"34",2018-07-01,"GP","Unknown",285265,12446820,0,0,285265,12446820,2.29
"35",2018-07-01,"GP","Video/Online",89346,12446820,0,0,89346,12446820,0.72
"36",2018-08-01,"GP","Face-to-Face",9170993,11790918,0,0,9170993,11790918,77.78
"37",2018-08-01,"GP","Home Visit",86694,11790918,0,0,86694,11790918,0.74
"38",2018-08-01,"GP","Telephone",2183141,11790918,0,0,2183141,11790918,18.52
"39",2018-08-01,"GP","Unknown",269974,11790918,0,0,269974,11790918,2.29
"40",2018-08-01,"GP","Video/Online",80116,11790918,0,0,80116,11790918,0.68
"41",2018-09-01,"GP","Face-to-Face",9219041,11764863,0,0,9219041,11764863,78.36
"42",2018-09-01,"GP","Home Visit",81481,11764863,0,0,81481,11764863,0.69
"43",2018-09-01,"GP","Telephone",2098803,11764863,0,0,2098803,11764863,17.84
"44",2018-09-01,"GP","Unknown",277382,11764863,0,0,277382,11764863,2.36
"45",2018-09-01,"GP","Video/Online",88156,11764863,0,0,88156,11764863,0.75
"46",2018-10-01,"GP","Face-to-Face",10764125,13762288,0,0,10764125,13762288,78.21
"47",2018-10-01,"GP","Home Visit",97420,13762288,0,0,97420,13762288,0.71
"48",2018-10-01,"GP","Telephone",2463811,13762288,0,0,2463811,13762288,17.9
"49",2018-10-01,"GP","Unknown",336478,13762288,0,0,336478,13762288,2.44
"50",2018-10-01,"GP","Video/Online",100454,13762288,0,0,100454,13762288,0.73
"51",2018-11-01,"GP","Face-to-Face",10541150,13517320,0,0,10541150,13517320,77.98
"52",2018-11-01,"GP","Home Visit",97525,13517320,0,0,97525,13517320,0.72
"53",2018-11-01,"GP","Telephone",2447845,13517320,0,0,2447845,13517320,18.11
"54",2018-11-01,"GP","Unknown",330779,13517320,0,0,330779,13517320,2.45
"55",2018-11-01,"GP","Video/Online",100021,13517320,0,0,100021,13517320,0.74
"56",2018-12-01,"GP","Face-to-Face",8779893,11317728,0,0,8779893,11317728,77.58
"57",2018-12-01,"GP","Home Visit",88932,11317728,0,0,88932,11317728,0.79
"58",2018-12-01,"GP","Telephone",2093108,11317728,0,0,2093108,11317728,18.49
"59",2018-12-01,"GP","Unknown",273119,11317728,0,0,273119,11317728,2.41
"60",2018-12-01,"GP","Video/Online",82676,11317728,0,0,82676,11317728,0.73
"61",2019-01-01,"GP","Face-to-Face",10913981,14051380,0,0,10913981,14051380,77.67
"62",2019-01-01,"GP","Home Visit",112542,14051380,0,0,112542,14051380,0.8
"63",2019-01-01,"GP","Telephone",2582353,14051380,0,0,2582353,14051380,18.38
"64",2019-01-01,"GP","Unknown",336186,14051380,0,0,336186,14051380,2.39
"65",2019-01-01,"GP","Video/Online",106318,14051380,0,0,106318,14051380,0.76
"66",2019-02-01,"GP","Face-to-Face",9791062,12600836,0,0,9791062,12600836,77.7
"67",2019-02-01,"GP","Home Visit",95951,12600836,0,0,95951,12600836,0.76
"68",2019-02-01,"GP","Telephone",2320091,12600836,0,0,2320091,12600836,18.41
"69",2019-02-01,"GP","Unknown",302054,12600836,0,0,302054,12600836,2.4
"70",2019-02-01,"GP","Video/Online",91678,12600836,0,0,91678,12600836,0.73
"71",2019-03-01,"GP","Face-to-Face",10441736,13417666,0,0,10441736,13417666,77.82
"72",2019-03-01,"GP","Home Visit",97180,13417666,0,0,97180,13417666,0.72
"73",2019-03-01,"GP","Telephone",2456292,13417666,0,0,2456292,13417666,18.31
"74",2019-03-01,"GP","Unknown",325171,13417666,0,0,325171,13417666,2.42
"75",2019-03-01,"GP","Video/Online",97287,13417666,0,0,97287,13417666,0.73
"76",2019-04-01,"GP","Face-to-Face",9593384,12377422,0,0,9593384,12377422,77.51
"77",2019-04-01,"GP","Home Visit",93777,12377422,0,0,93777,12377422,0.76
"78",2019-04-01,"GP","Telephone",2304956,12377422,0,0,2304956,12377422,18.62
"79",2019-04-01,"GP","Unknown",299365,12377422,0,0,299365,12377422,2.42
"80",2019-04-01,"GP","Video/Online",85940,12377422,0,0,85940,12377422,0.69
"81",2019-05-01,"GP","Face-to-Face",10012055,12848168,0,0,10012055,12848168,77.93
"82",2019-05-01,"GP","Home Visit",94571,12848168,0,0,94571,12848168,0.74
"83",2019-05-01,"GP","Telephone",2367260,12848168,0,0,2367260,12848168,18.42
"84",2019-05-01,"GP","Unknown",278804,12848168,0,0,278804,12848168,2.17
"85",2019-05-01,"GP","Video/Online",95478,12848168,0,0,95478,12848168,0.74
"86",2019-06-01,"GP","Face-to-Face",9420603,12066417,0,0,9420603,12066417,78.07
"87",2019-06-01,"GP","Home Visit",86500,12066417,0,0,86500,12066417,0.72
"88",2019-06-01,"GP","Telephone",2210969,12066417,0,0,2210969,12066417,18.32
"89",2019-06-01,"GP","Unknown",252398,12066417,0,0,252398,12066417,2.09
"90",2019-06-01,"GP","Video/Online",95947,12066417,0,0,95947,12066417,0.8
"91",2019-07-01,"GP","Face-to-Face",10579411,13809937,0,0,10579411,13809937,76.61
"92",2019-07-01,"GP","Home Visit",100281,13809937,0,0,100281,13809937,0.73
"93",2019-07-01,"GP","Telephone",2511933,13809937,0,0,2511933,13809937,18.19
"94",2019-07-01,"GP","Unknown",496281,13809937,0,0,496281,13809937,3.59
"95",2019-07-01,"GP","Video/Online",122031,13809937,0,0,122031,13809937,0.88
"96",2019-08-01,"GP","Face-to-Face",9078889,11884934,0,0,9078889,11884934,76.39
"97",2019-08-01,"GP","Home Visit",88753,11884934,0,0,88753,11884934,0.75
"98",2019-08-01,"GP","Telephone",2189016,11884934,0,0,2189016,11884934,18.42
"99",2019-08-01,"GP","Unknown",420842,11884934,0,0,420842,11884934,3.54
"100",2019-08-01,"GP","Video/Online",107434,11884934,0,0,107434,11884934,0.9
"101",2019-09-01,"GP","Face-to-Face",10156839,13149257,0,0,10156839,13149257,77.24
"102",2019-09-01,"GP","Home Visit",94682,13149257,0,0,94682,13149257,0.72
"103",2019-09-01,"GP","Telephone",2328443,13149257,0,0,2328443,13149257,17.71
"104",2019-09-01,"GP","Unknown",444026,13149257,0,0,444026,13149257,3.38
"105",2019-09-01,"GP","Video/Online",125267,13149257,0,0,125267,13149257,0.95
"106",2019-10-01,"GP","Face-to-Face",11155336,14413109,0,0,11155336,14413109,77.4
"107",2019-10-01,"GP","Home Visit",109026,14413109,0,0,109026,14413109,0.76
"108",2019-10-01,"GP","Telephone",2554675,14413109,0,0,2554675,14413109,17.72
"109",2019-10-01,"GP","Unknown",459657,14413109,0,0,459657,14413109,3.19
"110",2019-10-01,"GP","Video/Online",134415,14413109,0,0,134415,14413109,0.93
"111",2019-11-01,"GP","Face-to-Face",10329197,13408859,0,0,10329197,13408859,77.03
"112",2019-11-01,"GP","Home Visit",102507,13408859,0,0,102507,13408859,0.76
"113",2019-11-01,"GP","Telephone",2443314,13408859,0,0,2443314,13408859,18.22
"114",2019-11-01,"GP","Unknown",410210,13408859,0,0,410210,13408859,3.06
"115",2019-11-01,"GP","Video/Online",123631,13408859,0,0,123631,13408859,0.92
"116",2019-12-01,"GP","Face-to-Face",9366513,12243615,0,0,9366513,12243615,76.5
"117",2019-12-01,"GP","Home Visit",98851,12243615,0,0,98851,12243615,0.81
"118",2019-12-01,"GP","Telephone",2302210,12243615,0,0,2302210,12243615,18.8
"119",2019-12-01,"GP","Unknown",365041,12243615,0,0,365041,12243615,2.98
"120",2019-12-01,"GP","Video/Online",111000,12243615,0,0,111000,12243615,0.91
"121",2020-01-01,"GP","Face-to-Face",10879889,14168791,0,0,10879889,14168791,76.79
"122",2020-01-01,"GP","Home Visit",111549,14168791,0,0,111549,14168791,0.79
"123",2020-01-01,"GP","Telephone",2621975,14168791,0,0,2621975,14168791,18.51
"124",2020-01-01,"GP","Unknown",416298,14168791,0,0,416298,14168791,2.94
"125",2020-01-01,"GP","Video/Online",139080,14168791,0,0,139080,14168791,0.98
"126",2020-02-01,"GP","Face-to-Face",9542555,12467777,0,0,9542555,12467777,76.54
"127",2020-02-01,"GP","Home Visit",94547,12467777,0,0,94547,12467777,0.76
"128",2020-02-01,"GP","Telephone",2344939,12467777,0,0,2344939,12467777,18.81
"129",2020-02-01,"GP","Unknown",363998,12467777,0,0,363998,12467777,2.92
"130",2020-02-01,"GP","Video/Online",121738,12467777,0,0,121738,12467777,0.98
"131",2020-03-01,"GP","Face-to-Face",7511141,12839803,0,0,7511141,12839803,58.5
"132",2020-03-01,"GP","Home Visit",69132,12839803,0,0,69132,12839803,0.54
"133",2020-03-01,"GP","Telephone",4801892,12839803,0,0,4801892,12839803,37.4
"134",2020-03-01,"GP","Unknown",372337,12839803,0,0,372337,12839803,2.9
"135",2020-03-01,"GP","Video/Online",85301,12839803,0,0,85301,12839803,0.66
"136",2020-04-01,"GP","Face-to-Face",3192953,8795842,0,0,3192953,8795842,36.3
"137",2020-04-01,"GP","Home Visit",32911,8795842,0,0,32911,8795842,0.37
"138",2020-04-01,"GP","Telephone",5307002,8795842,0,0,5307002,8795842,60.34
"139",2020-04-01,"GP","Unknown",239913,8795842,0,0,239913,8795842,2.73
"140",2020-04-01,"GP","Video/Online",23063,8795842,0,0,23063,8795842,0.26
"141",2020-05-01,"GP","Face-to-Face",3275673,8925453,0,0,3275673,8925453,36.7
"142",2020-05-01,"GP","Home Visit",35095,8925453,0,0,35095,8925453,0.39
"143",2020-05-01,"GP","Telephone",5364237,8925453,0,0,5364237,8925453,60.1
"144",2020-05-01,"GP","Unknown",229916,8925453,0,0,229916,8925453,2.58
"145",2020-05-01,"GP","Video/Online",20532,8925453,0,0,20532,8925453,0.23
"146",2020-06-01,"GP","Face-to-Face",3942444,11054055,0,0,3942444,11054055,35.67
"147",2020-06-01,"GP","Home Visit",43482,11054055,0,0,43482,11054055,0.39
"148",2020-06-01,"GP","Telephone",6773014,11054055,0,0,6773014,11054055,61.27
"149",2020-06-01,"GP","Unknown",265890,11054055,0,0,265890,11054055,2.41
"150",2020-06-01,"GP","Video/Online",29225,11054055,0,0,29225,11054055,0.26
"151",2020-07-01,"GP","Face-to-Face",4370839,11701877,0,0,4370839,11701877,37.35
"152",2020-07-01,"GP","Home Visit",49225,11701877,0,0,49225,11701877,0.42
"153",2020-07-01,"GP","Telephone",6969296,11701877,0,0,6969296,11701877,59.56
"154",2020-07-01,"GP","Unknown",269566,11701877,0,0,269566,11701877,2.3
"155",2020-07-01,"GP","Video/Online",42951,11701877,0,0,42951,11701877,0.37
"156",2020-08-01,"GP","Face-to-Face",4056318,10483300,0,0,4056318,10483300,38.69
"157",2020-08-01,"GP","Home Visit",43601,10483300,0,0,43601,10483300,0.42
"158",2020-08-01,"GP","Telephone",6130121,10483300,0,0,6130121,10483300,58.48
"159",2020-08-01,"GP","Unknown",211362,10483300,0,0,211362,10483300,2.02
"160",2020-08-01,"GP","Video/Online",41898,10483300,0,0,41898,10483300,0.4
"161",2020-09-01,"GP","Face-to-Face",5481945,13187283,0,0,5481945,13187283,41.57
"162",2020-09-01,"GP","Home Visit",53105,13187283,0,0,53105,13187283,0.4
"163",2020-09-01,"GP","Telephone",7350344,13187283,0,0,7350344,13187283,55.74
"164",2020-09-01,"GP","Unknown",244105,13187283,0,0,244105,13187283,1.85
"165",2020-09-01,"GP","Video/Online",57784,13187283,0,0,57784,13187283,0.44
"166",2020-10-01,"GP","Face-to-Face",5670501,13182328,0,0,5670501,13182328,43.02
"167",2020-10-01,"GP","Home Visit",54166,13182328,0,0,54166,13182328,0.41
"168",2020-10-01,"GP","Telephone",7178182,13182328,0,0,7178182,13182328,54.45
"169",2020-10-01,"GP","Unknown",222421,13182328,0,0,222421,13182328,1.69
"170",2020-10-01,"GP","Video/Online",57058,13182328,0,0,57058,13182328,0.43
"171",2020-11-01,"GP","Face-to-Face",5064530,12501636,0,0,5064530,12501636,40.51
"172",2020-11-01,"GP","Home Visit",52835,12501636,0,0,52835,12501636,0.42
"173",2020-11-01,"GP","Telephone",7133817,12501636,0,0,7133817,12501636,57.06
"174",2020-11-01,"GP","Unknown",196305,12501636,0,0,196305,12501636,1.57
"175",2020-11-01,"GP","Video/Online",54149,12501636,0,0,54149,12501636,0.43
"176",2020-12-01,"GP","Face-to-Face",4822516,11759706,0,0,4822516,11759706,41.01
"177",2020-12-01,"GP","Home Visit",51853,11759706,0,0,51853,11759706,0.44
"178",2020-12-01,"GP","Telephone",6655046,11759706,0,0,6655046,11759706,56.59
"179",2020-12-01,"GP","Unknown",178876,11759706,0,0,178876,11759706,1.52
"180",2020-12-01,"GP","Video/Online",51415,11759706,0,0,51415,11759706,0.44
"181",2021-01-01,"GP","Face-to-Face",4652563,11791406,0,0,4652563,11791406,39.46
"182",2021-01-01,"GP","Home Visit",49188,11791406,0,0,49188,11791406,0.42
"183",2021-01-01,"GP","Telephone",6865432,11791406,0,0,6865432,11791406,58.22
"184",2021-01-01,"GP","Unknown",173462,11791406,0,0,173462,11791406,1.47
"185",2021-01-01,"GP","Video/Online",50761,11791406,0,0,50761,11791406,0.43
"186",2021-02-01,"GP","Face-to-Face",4716589,11813672,0,0,4716589,11813672,39.92
"187",2021-02-01,"GP","Home Visit",50327,11813672,0,0,50327,11813672,0.43
"188",2021-02-01,"GP","Telephone",6824058,11813672,0,0,6824058,11813672,57.76
"189",2021-02-01,"GP","Unknown",172321,11813672,0,0,172321,11813672,1.46
"190",2021-02-01,"GP","Video/Online",50377,11813672,0,0,50377,11813672,0.43
"191",2021-03-01,"GP","Face-to-Face",5885308,14374261,0,0,5885308,14374261,40.94
"192",2021-03-01,"GP","Home Visit",60375,14374261,0,0,60375,14374261,0.42
"193",2021-03-01,"GP","Telephone",8150061,14374261,0,0,8150061,14374261,56.7
"194",2021-03-01,"GP","Unknown",216214,14374261,0,0,216214,14374261,1.5
"195",2021-03-01,"GP","Video/Online",62303,14374261,0,0,62303,14374261,0.43
"196",2021-04-01,"GP","Face-to-Face",5241990,12445618,0,0,5241990,12445618,42.12
"197",2021-04-01,"GP","Home Visit",56886,12445618,0,0,56886,12445618,0.46
"198",2021-04-01,"GP","Telephone",6914902,12445618,0,0,6914902,12445618,55.56
"199",2021-04-01,"GP","Unknown",179871,12445618,0,0,179871,12445618,1.45
"200",2021-04-01,"GP","Video/Online",51969,12445618,0,0,51969,12445618,0.42
"201",2021-05-01,"GP","Face-to-Face",5317869,12312630,0,0,5317869,12312630,43.19
"202",2021-05-01,"GP","Home Visit",57571,12312630,0,0,57571,12312630,0.47
"203",2021-05-01,"GP","Telephone",6748729,12312630,0,0,6748729,12312630,54.81
"204",2021-05-01,"GP","Unknown",137939,12312630,0,0,137939,12312630,1.12
"205",2021-05-01,"GP","Video/Online",50522,12312630,0,0,50522,12312630,0.41
"206",2021-06-01,"GP","Face-to-Face",6179337,14024765,0,0,6179337,14024765,44.06
"207",2021-06-01,"GP","Home Visit",66794,14024765,0,0,66794,14024765,0.48
"208",2021-06-01,"GP","Telephone",7571851,14024765,0,0,7571851,14024765,53.99
"209",2021-06-01,"GP","Unknown",148128,14024765,0,0,148128,14024765,1.06
"210",2021-06-01,"GP","Video/Online",58655,14024765,0,0,58655,14024765,0.42
"211",2021-07-01,"GP","Face-to-Face",5928170,13311036,0,0,5928170,13311036,44.54
"212",2021-07-01,"GP","Home Visit",65800,13311036,0,0,65800,13311036,0.49
"213",2021-07-01,"GP","Telephone",7128789,13311036,0,0,7128789,13311036,53.56
"214",2021-07-01,"GP","Unknown",133417,13311036,0,0,133417,13311036,1
"215",2021-07-01,"GP","Video/Online",54860,13311036,0,0,54860,13311036,0.41
"216",2021-08-01,"GP","Face-to-Face",5566133,12273822,0,0,5566133,12273822,45.35
"217",2021-08-01,"GP","Home Visit",63630,12273822,0,0,63630,12273822,0.52
"218",2021-08-01,"GP","Telephone",6462133,12273822,0,0,6462133,12273822,52.65
"219",2021-08-01,"GP","Unknown",131189,12273822,0,0,131189,12273822,1.07
"220",2021-08-01,"GP","Video/Online",50737,12273822,0,0,50737,12273822,0.41
"221",2021-09-01,"GP","Face-to-Face",7002152,14459445,0,0,7002152,14459445,48.43
"222",2021-09-01,"GP","Home Visit",70786,14459445,0,0,70786,14459445,0.49
"223",2021-09-01,"GP","Telephone",7174856,14459445,0,0,7174856,14459445,49.62
"224",2021-09-01,"GP","Unknown",148373,14459445,0,0,148373,14459445,1.03
"225",2021-09-01,"GP","Video/Online",63278,14459445,0,0,63278,14459445,0.44
"226",2021-10-01,"GP","Face-to-Face",7271245,14294976,0,0,7271245,14294976,50.87
"227",2021-10-01,"GP","Home Visit",70599,14294976,0,0,70599,14294976,0.49
"228",2021-10-01,"GP","Telephone",6719639,14294976,0,0,6719639,14294976,47.01
"229",2021-10-01,"GP","Unknown",162249,14294976,0,0,162249,14294976,1.14
"230",2021-10-01,"GP","Video/Online",71244,14294976,0,0,71244,14294976,0.5
"231",2021-11-01,"GP","Face-to-Face",7514482,14890874,0,0,7514482,14890874,50.46
"232",2021-11-01,"GP","Home Visit",81131,14890874,0,0,81131,14890874,0.54
"233",2021-11-01,"GP","Telephone",7058494,14890874,0,0,7058494,14890874,47.4
"234",2021-11-01,"GP","Unknown",160386,14890874,0,0,160386,14890874,1.08
"235",2021-11-01,"GP","Video/Online",76381,14890874,0,0,76381,14890874,0.51
"236",2021-12-01,"GP","Face-to-Face",6235525,12648107,0,0,6235525,12648107,49.3
"237",2021-12-01,"GP","Home Visit",73418,12648107,0,0,73418,12648107,0.58
"238",2021-12-01,"GP","Telephone",6146727,12648107,0,0,6146727,12648107,48.6
"239",2021-12-01,"GP","Unknown",131534,12648107,0,0,131534,12648107,1.04
"240",2021-12-01,"GP","Video/Online",60903,12648107,0,0,60903,12648107,0.48
"241",2022-01-01,"GP","Face-to-Face",6398804,13132651,0,0,6398804,13132651,48.72
"242",2022-01-01,"GP","Home Visit",72107,13132651,0,0,72107,13132651,0.55
"243",2022-01-01,"GP","Telephone",6468613,13132651,0,0,6468613,13132651,49.26
"244",2022-01-01,"GP","Unknown",129196,13132651,0,0,129196,13132651,0.98
"245",2022-01-01,"GP","Video/Online",63931,13132651,0,0,63931,13132651,0.49
"246",2022-02-01,"GP","Face-to-Face",4037933,8094107,0,0,4037933,8094107,49.89
"247",2022-02-01,"GP","Home Visit",49362,8094107,0,0,49362,8094107,0.61
"248",2022-02-01,"GP","Telephone",3899586,8094107,0,0,3899586,8094107,48.18
"249",2022-02-01,"GP","Unknown",74112,8094107,0,0,74112,8094107,0.92
"250",2022-02-01,"GP","Video/Online",33114,8094107,0,0,33114,8094107,0.41
"251",2022-03-01,"GP","Face-to-Face",4854683,9521475,0,0,4854683,9521475,50.99
"252",2022-03-01,"GP","Home Visit",58358,9521475,0,0,58358,9521475,0.61
"253",2022-03-01,"GP","Telephone",4489950,9521475,0,0,4489950,9521475,47.16
"254",2022-03-01,"GP","Unknown",78646,9521475,0,0,78646,9521475,0.83
"255",2022-03-01,"GP","Video/Online",39838,9521475,0,0,39838,9521475,0.42
"256",2022-04-01,"GP","Face-to-Face",3875230,7453571,0,0,3875230,7453571,51.99
"257",2022-04-01,"GP","Home Visit",49003,7453571,0,0,49003,7453571,0.66
"258",2022-04-01,"GP","Telephone",3437859,7453571,0,0,3437859,7453571,46.12
"259",2022-04-01,"GP","Unknown",59551,7453571,0,0,59551,7453571,0.8
"260",2022-04-01,"GP","Video/Online",31928,7453571,0,0,31928,7453571,0.43
"261",2022-05-01,"GP","Face-to-Face",7483968,13785188,0,0,7483968,13785188,54.29
"262",2022-05-01,"GP","Home Visit",84434,13785188,0,0,84434,13785188,0.61
"263",2022-05-01,"GP","Telephone",6032210,13785188,0,0,6032210,13785188,43.76
"264",2022-05-01,"GP","Unknown",114602,13785188,0,0,114602,13785188,0.83
"265",2022-05-01,"GP","Video/Online",69974,13785188,0,0,69974,13785188,0.51
"266",2022-06-01,"GP","Face-to-Face",7118338,12885050,0,0,7118338,12885050,55.24
"267",2022-06-01,"GP","Home Visit",79552,12885050,0,0,79552,12885050,0.62
"268",2022-06-01,"GP","Telephone",5518305,12885050,0,0,5518305,12885050,42.83
"269",2022-06-01,"GP","Unknown",103033,12885050,0,0,103033,12885050,0.8
"270",2022-06-01,"GP","Video/Online",65822,12885050,0,0,65822,12885050,0.51
"271",2022-07-01,"GP","Face-to-Face",7078298,12707475,0,0,7078298,12707475,55.7
"272",2022-07-01,"GP","Home Visit",80501,12707475,0,0,80501,12707475,0.63
"273",2022-07-01,"GP","Telephone",5381123,12707475,0,0,5381123,12707475,42.35
"274",2022-07-01,"GP","Unknown",99953,12707475,0,0,99953,12707475,0.79
"275",2022-07-01,"GP","Video/Online",67600,12707475,0,0,67600,12707475,0.53
"276",2022-08-01,"GP","Face-to-Face",7256220,12829386,0,0,7256220,12829386,56.56
"277",2022-08-01,"GP","Home Visit",85905,12829386,0,0,85905,12829386,0.67
"278",2022-08-01,"GP","Telephone",5317522,12829386,0,0,5317522,12829386,41.45
"279",2022-08-01,"GP","Unknown",100575,12829386,0,0,100575,12829386,0.78
"280",2022-08-01,"GP","Video/Online",69164,12829386,0,0,69164,12829386,0.54
"281",2022-09-01,"GP","Face-to-Face",7944233,13562299,0,0,7944233,13562299,58.58
"282",2022-09-01,"GP","Home Visit",88716,13562299,0,0,88716,13562299,0.65
"283",2022-09-01,"GP","Telephone",5348023,13562299,0,0,5348023,13562299,39.43
"284",2022-09-01,"GP","Unknown",98664,13562299,0,0,98664,13562299,0.73
"285",2022-09-01,"GP","Video/Online",82663,13562299,0,0,82663,13562299,0.61
"286",2022-10-01,"GP","Face-to-Face",8648925,14173871,0,0,8648925,14173871,61.02
"287",2022-10-01,"GP","Home Visit",93558,14173871,0,0,93558,14173871,0.66
"288",2022-10-01,"GP","Telephone",5246147,14173871,0,0,5246147,14173871,37.01
"289",2022-10-01,"GP","Unknown",100170,14173871,0,0,100170,14173871,0.71
"290",2022-10-01,"GP","Video/Online",85071,14173871,0,0,85071,14173871,0.6
"291",2022-11-01,"GP","Face-to-Face",8801778,14592476,0,0,8801778,14592476,60.32
"292",2022-11-01,"GP","Home Visit",100858,14592476,0,0,100858,14592476,0.69
"293",2022-11-01,"GP","Telephone",5503351,14592476,0,0,5503351,14592476,37.71
"294",2022-11-01,"GP","Unknown",97831,14592476,0,0,97831,14592476,0.67
"295",2022-11-01,"GP","Video/Online",88658,14592476,0,0,88658,14592476,0.61
"296",2022-12-01,"GP","Face-to-Face",8049062,13262053,0,0,8049062,13262053,60.69
"297",2022-12-01,"GP","Home Visit",95831,13262053,0,0,95831,13262053,0.72
"298",2022-12-01,"GP","Telephone",4953455,13262053,0,0,4953455,13262053,37.35
"299",2022-12-01,"GP","Unknown",86500,13262053,0,0,86500,13262053,0.65
"300",2022-12-01,"GP","Video/Online",77205,13262053,0,0,77205,13262053,0.58
"301",2023-01-01,"GP","Face-to-Face",8720849,14275754,0,0,8720849,14275754,61.09
"302",2023-01-01,"GP","Home Visit",106815,14275754,0,0,106815,14275754,0.75
"303",2023-01-01,"GP","Telephone",5266539,14275754,0,0,5266539,14275754,36.89
"304",2023-01-01,"GP","Unknown",89825,14275754,0,0,89825,14275754,0.63
"305",2023-01-01,"GP","Video/Online",91726,14275754,0,0,91726,14275754,0.64
"306",2023-02-01,"GP","Face-to-Face",8107680,13117840,0,0,8107680,13117840,61.81
"307",2023-02-01,"GP","Home Visit",96201,13117840,0,0,96201,13117840,0.73
"308",2023-02-01,"GP","Telephone",4749433,13117840,0,0,4749433,13117840,36.21
"309",2023-02-01,"GP","Unknown",80065,13117840,0,0,80065,13117840,0.61
"310",2023-02-01,"GP","Video/Online",84461,13117840,0,0,84461,13117840,0.64
"311",2023-03-01,"GP","Face-to-Face",9390730,15198581,0,0,9390730,15198581,61.79
"312",2023-03-01,"GP","Home Visit",113679,15198581,0,0,113679,15198581,0.75
"313",2023-03-01,"GP","Telephone",5501265,15198581,0,0,5501265,15198581,36.2
"314",2023-03-01,"GP","Unknown",86583,15198581,0,0,86583,15198581,0.57
"315",2023-03-01,"GP","Video/Online",106324,15198581,0,0,106324,15198581,0.7
"316",2023-04-01,"GP","Face-to-Face",6963887,11419332,196776,258741,7160663,11678073,61.32
"317",2023-04-01,"GP","Home Visit",96604,11419332,1733,258741,98337,11678073,0.84
"318",2023-04-01,"GP","Telephone",4169455,11419332,60087,258741,4229542,11678073,36.22
"319",2023-04-01,"GP","Unknown",84709,11419332,75,258741,84784,11678073,0.73
"320",2023-04-01,"GP","Video/Online",104677,11419332,0,0,104677,11419332,0.92
"321",2023-05-01,"GP","Face-to-Face",8076066,13201465,203022,269770,8279088,13471235,61.46
"322",2023-05-01,"GP","Home Visit",117950,13201465,2080,269770,120030,13471235,0.89
"323",2023-05-01,"GP","Telephone",4732512,13201465,64395,269770,4796907,13471235,35.61
"324",2023-05-01,"GP","Unknown",100143,13201465,100,269770,100243,13471235,0.74
"325",2023-05-01,"GP","Video/Online",174794,13201465,0,0,174794,13201465,1.32
"326",2023-06-01,"GP","Face-to-Face",8454328,13925402,200963,265836,8655291,14191238,60.99
"327",2023-06-01,"GP","Home Visit",126404,13925402,2159,265836,128563,14191238,0.91
"328",2023-06-01,"GP","Telephone",4973413,13925402,62137,265836,5035550,14191238,35.48
"329",2023-06-01,"GP","Unknown",104549,13925402,148,265836,104697,14191238,0.74
"330",2023-06-01,"GP","Video/Online",266708,13925402,0,0,266708,13925402,1.92
"331",2023-07-01,"GP","Face-to-Face",7763629,12920150,209367,277619,7972996,13197769,60.41
"332",2023-07-01,"GP","Home Visit",121275,12920150,2380,277619,123655,13197769,0.94
"333",2023-07-01,"GP","Telephone",4617114,12920150,65312,277619,4682426,13197769,35.48
"334",2023-07-01,"GP","Unknown",101051,12920150,107,277619,101158,13197769,0.77
"335",2023-07-01,"GP","Video/Online",317081,12920150,0,0,317081,12920150,2.45
"336",2023-08-01,"GP","Face-to-Face",7804338,13022156,201006,267915,8005344,13290071,60.24
"337",2023-08-01,"GP","Home Visit",128357,13022156,2483,267915,130840,13290071,0.98
"338",2023-08-01,"GP","Telephone",4617127,13022156,63856,267915,4680983,13290071,35.22
"339",2023-08-01,"GP","Unknown",112486,13022156,159,267915,112645,13290071,0.85
"340",2023-08-01,"GP","Video/Online",359848,13022156,0,0,359848,13022156,2.76
"341",2023-09-01,"GP","Face-to-Face",8630815,13872665,222656,290712,8853471,14163377,62.51
"342",2023-09-01,"GP","Home Visit",130356,13872665,2636,290712,132992,14163377,0.94
"343",2023-09-01,"GP","Telephone",4600647,13872665,64586,290712,4665233,14163377,32.94
"344",2023-09-01,"GP","Unknown",124939,13872665,362,290712,125301,14163377,0.88
"345",2023-09-01,"GP","Video/Online",385908,13872665,0,0,385908,13872665,2.78
"346",2023-10-01,"GP","Face-to-Face",9075624,14653715,220764,288464,9296388,14942179,62.22
"347",2023-10-01,"GP","Home Visit",142126,14653715,2458,288464,144584,14942179,0.97
"348",2023-10-01,"GP","Telephone",4843283,14653715,64276,288464,4907559,14942179,32.84
"349",2023-10-01,"GP","Unknown",129363,14653715,412,288464,129775,14942179,0.87
"350",2023-10-01,"GP","Video/Online",463319,14653715,0,0,463319,14653715,3.16
"351",2023-11-01,"GP","Face-to-Face",8673288,14322052,224994,295091,8898282,14617143,60.88
"352",2023-11-01,"GP","Home Visit",144143,14322052,2524,295091,146667,14617143,1
"353",2023-11-01,"GP","Telephone",4880066,14322052,66413,295091,4946479,14617143,33.84
"354",2023-11-01,"GP","Unknown",122818,14322052,593,295091,123411,14617143,0.84
"355",2023-11-01,"GP","Video/Online",501737,14322052,0,0,501737,14322052,3.5
"356",2023-12-01,"GP","Face-to-Face",7195879,12022551,225844,295694,7421723,12318245,60.25
"357",2023-12-01,"GP","Home Visit",125170,12022551,2172,295694,127342,12318245,1.03
"358",2023-12-01,"GP","Telephone",4152933,12022551,66746,295694,4219679,12318245,34.26
"359",2023-12-01,"GP","Unknown",101352,12022551,402,295694,101754,12318245,0.83
"360",2023-12-01,"GP","Video/Online",447217,12022551,0,0,447217,12022551,3.72
"361",2024-01-01,"GP","Face-to-Face",8976590,14945984,269191,349352,9245781,15295336,60.45
"362",2024-01-01,"GP","Home Visit",160296,14945984,2746,349352,163042,15295336,1.07
"363",2024-01-01,"GP","Telephone",5078555,14945984,75549,349352,5154104,15295336,33.7
"364",2024-01-01,"GP","Unknown",134211,14945984,491,349352,134702,15295336,0.88
"365",2024-01-01,"GP","Video/Online",596332,14945984,0,0,596332,14945984,3.99
"366",2024-02-01,"GP","Face-to-Face",8391817,13947232,262466,337870,8654283,14285102,60.58
"367",2024-02-01,"GP","Home Visit",141184,13947232,2506,337870,143690,14285102,1.01
"368",2024-02-01,"GP","Telephone",4692550,13947232,71030,337870,4763580,14285102,33.35
"369",2024-02-01,"GP","Unknown",129243,13947232,539,337870,129782,14285102,0.91
"370",2024-02-01,"GP","Video/Online",592438,13947232,0,0,592438,13947232,4.25
"371",2024-03-01,"GP","Face-to-Face",8171766,13631911,251163,326502,8422929,13958413,60.34
"372",2024-03-01,"GP","Home Visit",137723,13631911,2497,326502,140220,13958413,1
"373",2024-03-01,"GP","Telephone",4571046,13631911,71132,326502,4642178,13958413,33.26
"374",2024-03-01,"GP","Unknown",109776,13631911,373,326502,110149,13958413,0.79
"375",2024-03-01,"GP","Video/Online",641600,13631911,0,0,641600,13631911,4.71
"376",2024-04-01,"GP","Face-to-Face",8193363,13717649,186437,249926,8379800,13967575,59.99
"377",2024-04-01,"GP","Home Visit",147213,13717649,2393,249926,149606,13967575,1.07
"378",2024-04-01,"GP","Telephone",4581217,13717649,59489,249926,4640706,13967575,33.22
"379",2024-04-01,"GP","Unknown",89553,13717649,261,249926,89814,13967575,0.64
"380",2024-04-01,"GP","Video/Online",706303,13717649,0,0,706303,13717649,5.15
"381",2024-05-01,"GP","Face-to-Face",8209189,13765356,201137,268297,8410326,14033653,59.93
"382",2024-05-01,"GP","Home Visit",151522,13765356,2926,268297,154448,14033653,1.1
"383",2024-05-01,"GP","Telephone",4567673,13765356,62732,268297,4630405,14033653,33
"384",2024-05-01,"GP","Unknown",95408,13765356,181,268297,95589,14033653,0.68
"385",2024-05-01,"GP","Video/Online",741564,13765356,0,0,741564,13765356,5.39
"386",2024-06-01,"GP","Face-to-Face",7633751,12875880,200844,263777,7834595,13139657,59.63
"387",2024-06-01,"GP","Home Visit",137139,12875880,2417,263777,139556,13139657,1.06
"388",2024-06-01,"GP","Telephone",4291070,12875880,59338,263777,4350408,13139657,33.11
"389",2024-06-01,"GP","Unknown",99739,12875880,161,263777,99900,13139657,0.76
"390",2024-06-01,"GP","Video/Online",714181,12875880,0,0,714181,12875880,5.55
"391",2024-07-01,"GP","Face-to-Face",8230592,13947813,191233,252639,8421825,14200452,59.31
"392",2024-07-01,"GP","Home Visit",149763,13947813,2403,252639,152166,14200452,1.07
"393",2024-07-01,"GP","Telephone",4647492,13947813,57774,252639,4705266,14200452,33.13
"394",2024-07-01,"GP","Unknown",104786,13947813,259,252639,105045,14200452,0.74
"395",2024-07-01,"GP","Video/Online",815180,13947813,0,0,815180,13947813,5.84
"396",2024-08-01,"GP","Face-to-Face",7188584,12274236,191620,254426,7380204,12528662,58.91
"397",2024-08-01,"GP","Home Visit",136076,12274236,1898,254426,137974,12528662,1.1
"398",2024-08-01,"GP","Telephone",4110694,12274236,59744,254426,4170438,12528662,33.29
"399",2024-08-01,"GP","Unknown",85792,12274236,266,254426,86058,12528662,0.69
"400",2024-08-01,"GP","Video/Online",753090,12274236,0,0,753090,12274236,6.14
"401",2024-09-01,"GP","Face-to-Face",7883712,13334485,186415,248502,8070127,13582987,59.41
"402",2024-09-01,"GP","Home Visit",141114,13334485,2383,248502,143497,13582987,1.06
"403",2024-09-01,"GP","Telephone",4383952,13334485,58153,248502,4442105,13582987,32.7
"404",2024-09-01,"GP","Unknown",96670,13334485,194,248502,96864,13582987,0.71
"405",2024-09-01,"GP","Video/Online",829037,13334485,0,0,829037,13334485,6.22
"406",2024-10-01,"GP","Face-to-Face",9686990,15665565,217551,280672,9904541,15946237,62.11
"407",2024-10-01,"GP","Home Visit",165090,15665565,3180,280672,168270,15946237,1.06
"408",2024-10-01,"GP","Telephone",4767432,15665565,57930,280672,4825362,15946237,30.26
"409",2024-10-01,"GP","Unknown",104384,15665565,346,280672,104730,15946237,0.66
"410",2024-10-01,"GP","Video/Online",941669,15665565,0,0,941669,15665565,6.01
"411",2024-11-01,"GP","Face-to-Face",8260575,13845993,236320,301100,8496895,14147093,60.06
"412",2024-11-01,"GP","Home Visit",146800,13845993,2568,301100,149368,14147093,1.06
"413",2024-11-01,"GP","Telephone",4442730,13845993,60252,301100,4502982,14147093,31.83
"414",2024-11-01,"GP","Unknown",95056,13845993,323,301100,95379,14147093,0.67
"415",2024-11-01,"GP","Video/Online",900832,13845993,0,0,900832,13845993,6.51
"416",2024-12-01,"GP","Face-to-Face",7557800,12811331,230399,291002,7788199,13102333,59.44
"417",2024-12-01,"GP","Home Visit",143452,12811331,2401,291002,145853,13102333,1.11
"418",2024-12-01,"GP","Telephone",4164867,12811331,56435,291002,4221302,13102333,32.22
"419",2024-12-01,"GP","Unknown",84396,12811331,129,291002,84525,13102333,0.65
"420",2024-12-01,"GP","Video/Online",860816,12811331,0,0,860816,12811331,6.72
"421",2025-01-01,"GP","Face-to-Face",8769307,14902516,254815,319991,9024122,15222507,59.28
"422",2025-01-01,"GP","Home Visit",167544,14902516,2994,319991,170538,15222507,1.12
"423",2025-01-01,"GP","Telephone",4789701,14902516,59843,319991,4849544,15222507,31.86
"424",2025-01-01,"GP","Unknown",100643,14902516,155,319991,100798,15222507,0.66
"425",2025-01-01,"GP","Video/Online",1075321,14902516,0,0,1075321,14902516,7.22
"426",2025-02-01,"GP","Face-to-Face",7813708,13320811,237896,297599,8051604,13618410,59.12
"427",2025-02-01,"GP","Home Visit",145269,13320811,2733,297599,148002,13618410,1.09
"428",2025-02-01,"GP","Telephone",4251078,13320811,55225,297599,4306303,13618410,31.62
"429",2025-02-01,"GP","Unknown",86596,13320811,151,297599,86747,13618410,0.64
"430",2025-02-01,"GP","Video/Online",1024160,13320811,0,0,1024160,13320811,7.69
"431",2025-03-01,"GP","Face-to-Face",8353009,14255525,247079,312215,8600088,14567740,59.04
"432",2025-03-01,"GP","Home Visit",150559,14255525,2692,312215,153251,14567740,1.05
"433",2025-03-01,"GP","Telephone",4538089,14255525,60627,312215,4598716,14567740,31.57
"434",2025-03-01,"GP","Unknown",92908,14255525,302,312215,93210,14567740,0.64
"435",2025-03-01,"GP","Video/Online",1120960,14255525,0,0,1120960,14255525,7.86
"436",2025-04-01,"GP","Face-to-Face",7626765,13069160,195905,255516,7822670,13324676,58.71
"437",2025-04-01,"GP","Home Visit",147734,13069160,3098,255516,150832,13324676,1.13
"438",2025-04-01,"GP","Telephone",4147818,13069160,54355,255516,4202173,13324676,31.54
"439",2025-04-01,"GP","Unknown",84219,13069160,402,255516,84621,13324676,0.64
"440",2025-04-01,"GP","Video/Online",1062624,13069160,0,0,1062624,13069160,8.13
"441",2025-05-01,"GP","Face-to-Face",7679711,13154741,206711,271248,7886422,13425989,58.74
"442",2025-05-01,"GP","Home Visit",146787,13154741,3086,271248,149873,13425989,1.12
"443",2025-05-01,"GP","Telephone",4164578,13154741,58658,271248,4223236,13425989,31.46
"444",2025-05-01,"GP","Unknown",86182,13154741,247,271248,86429,13425989,0.64
"445",2025-05-01,"GP","Video/Online",1077483,13154741,0,0,1077483,13154741,8.19
